group,file,f0
review,ep01_sim0.560_204s.wav,186.8
review,ep01_sim0.565_804s.wav,
review,ep01_sim0.568_639s.wav,164.5
review,ep01_sim0.571_1055s.wav,581.4
review,ep01_sim0.623_195s.wav,330.7
review,ep01_sim0.644_261s.wav,211.9
review,ep01_sim0.647_630s.wav,147.1
review,ep02_sim0.550_1246s.wav,401.1
review,ep02_sim0.555_636s.wav,283.9
review,ep02_sim0.586_110s.wav,111.5
review,ep02_sim0.591_758s.wav,458.4
review,ep02_sim0.603_1134s.wav,518.7
review,ep02_sim0.612_1274s.wav,213.7
review,ep02_sim0.616_1217s.wav,
review,ep02_sim0.618_1215s.wav,263.1
review,ep02_sim0.620_654s.wav,424.7
review,ep02_sim0.637_1216s.wav,
review,ep02_sim0.638_1273s.wav,423.6
review,ep03_sim0.551_612s.wav,574.9
review,ep03_sim0.555_701s.wav,281.3
review,ep03_sim0.562_753s.wav,234.4
review,ep03_sim0.584_286s.wav,337.2
review,ep03_sim0.590_220s.wav,515.5
review,ep03_sim0.602_195s.wav,515.3
review,ep03_sim0.607_1288s.wav,454.0
review,ep03_sim0.610_429s.wav,164.3
review,ep03_sim0.612_414s.wav,656.6
review,ep03_sim0.622_201s.wav,394.9
review,ep03_sim0.636_1127s.wav,487.9
review,ep04_sim0.569_757s.wav,361.8
review,ep04_sim0.573_1314s.wav,488.3
review,ep04_sim0.576_791s.wav,624.6
review,ep04_sim0.578_162s.wav,417.5
review,ep04_sim0.578_784s.wav,602.7
review,ep04_sim0.579_1216s.wav,404.0
review,ep04_sim0.584_779s.wav,623.9
review,ep04_sim0.585_1087s.wav,669.4
review,ep04_sim0.595_818s.wav,632.4
review,ep04_sim0.606_498s.wav,392.1
review,ep04_sim0.607_1272s.wav,398.9
review,ep04_sim0.614_294s.wav,185.3
review,ep04_sim0.615_1249s.wav,386.4
review,ep04_sim0.620_800s.wav,676.1
review,ep04_sim0.632_260s.wav,132.3
review,ep04_sim0.643_679s.wav,497.4
review,ep04_sim0.643_952s.wav,142.1
review,ep04_sim0.647_387s.wav,393.9
review,ep05_sim0.558_942s.wav,622.0
review,ep05_sim0.563_928s.wav,274.3
review,ep05_sim0.577_1031s.wav,477.0
review,ep05_sim0.583_562s.wav,321.2
review,ep05_sim0.590_361s.wav,257.9
review,ep05_sim0.603_955s.wav,274.9
review,ep05_sim0.611_1139s.wav,521.1
review,ep05_sim0.615_574s.wav,260.8
review,ep05_sim0.634_763s.wav,224.3
review,ep05_sim0.635_1246s.wav,225.7
review,ep05_sim0.648_931s.wav,272.0
review,ep06_sim0.550_917s.wav,183.5
review,ep06_sim0.551_1129s.wav,389.4
review,ep06_sim0.554_486s.wav,492.0
review,ep06_sim0.555_1231s.wav,
review,ep06_sim0.559_1025s.wav,371.7
review,ep06_sim0.560_546s.wav,610.9
review,ep06_sim0.563_1074s.wav,324.9
review,ep06_sim0.570_738s.wav,
review,ep06_sim0.572_852s.wav,155.7
review,ep06_sim0.573_1067s.wav,218.2
review,ep06_sim0.590_913s.wav,582.3
review,ep06_sim0.595_810s.wav,257.2
review,ep06_sim0.595_923s.wav,
review,ep06_sim0.600_833s.wav,242.5
review,ep06_sim0.601_841s.wav,371.8
review,ep06_sim0.620_1092s.wav,
review,ep06_sim0.623_827s.wav,167.9
review,ep06_sim0.632_1192s.wav,129.8
review,ep06_sim0.635_1208s.wav,389.3
review,ep06_sim0.635_208s.wav,347.5
review,ep06_sim0.636_925s.wav,
review,ep06_sim0.639_1085s.wav,336.0
review,ep06_sim0.644_858s.wav,169.8
review,ep07_sim0.559_1026s.wav,590.2
review,ep07_sim0.576_1040s.wav,655.5
review,ep07_sim0.576_822s.wav,336.4
review,ep07_sim0.579_1165s.wav,317.7
review,ep07_sim0.602_307s.wav,290.7
review,ep07_sim0.605_180s.wav,444.0
review,ep07_sim0.610_1178s.wav,259.0
review,ep07_sim0.618_314s.wav,440.0
review,ep07_sim0.622_726s.wav,262.6
review,ep08_5_sim0.551_292s.wav,438.8
review,ep08_5_sim0.555_995s.wav,249.4
review,ep08_5_sim0.563_651s.wav,660.2
review,ep08_5_sim0.578_1022s.wav,147.5
review,ep08_5_sim0.579_230s.wav,336.1
review,ep08_5_sim0.582_849s.wav,390.4
review,ep08_5_sim0.587_1268s.wav,434.5
review,ep08_5_sim0.597_1193s.wav,402.4
review,ep08_5_sim0.603_438s.wav,131.6
review,ep08_5_sim0.625_1012s.wav,377.9
review,ep08_5_sim0.626_1131s.wav,313.9
review,ep08_5_sim0.639_98s.wav,257.8
review,ep08_5_sim0.643_299s.wav,616.4
review,ep08_5_sim0.646_132s.wav,580.0
review,ep08_sim0.565_586s.wav,483.2
review,ep08_sim0.566_796s.wav,262.4
review,ep08_sim0.569_688s.wav,263.6
review,ep08_sim0.591_482s.wav,118.9
review,ep08_sim0.593_237s.wav,578.9
review,ep08_sim0.597_117s.wav,400.7
review,ep08_sim0.599_448s.wav,193.8
review,ep08_sim0.609_177s.wav,173.8
review,ep08_sim0.619_1270s.wav,481.1
review,ep08_sim0.629_1123s.wav,586.3
review,ep08_sim0.634_762s.wav,326.1
review,ep08_sim0.639_1153s.wav,341.2
review,ep09_sim0.560_1295s.wav,174.2
review,ep09_sim0.563_991s.wav,463.1
review,ep09_sim0.584_1459s.wav,538.8
review,ep09_sim0.605_1132s.wav,329.8
review,ep09_sim0.627_1157s.wav,306.2
review,ep09_sim0.637_1075s.wav,153.3
review,ep09_sim0.640_410s.wav,540.5
review,ep09_sim0.646_558s.wav,610.6
review,ep09_sim0.647_567s.wav,410.2
review,ep10_sim0.569_575s.wav,432.0
review,ep10_sim0.575_889s.wav,244.1
review,ep10_sim0.579_1199s.wav,311.6
review,ep10_sim0.579_798s.wav,253.4
review,ep10_sim0.581_153s.wav,
review,ep10_sim0.620_557s.wav,183.4
review,ep10_sim0.628_1448s.wav,412.0
review,ep11_sim0.570_529s.wav,124.8
review,ep11_sim0.575_378s.wav,468.3
review,ep11_sim0.576_1158s.wav,326.8
review,ep11_sim0.577_1113s.wav,450.9
review,ep11_sim0.588_1160s.wav,307.1
review,ep11_sim0.594_345s.wav,581.9
review,ep11_sim0.606_772s.wav,398.0
review,ep11_sim0.606_808s.wav,574.1
review,ep11_sim0.608_1311s.wav,392.7
review,ep11_sim0.609_1190s.wav,405.3
review,ep11_sim0.629_1162s.wav,377.1
review,ep11_sim0.637_1234s.wav,98.8
review,ep11_sim0.637_856s.wav,256.5
review,ep12_sim0.550_808s.wav,355.0
review,ep12_sim0.552_1334s.wav,340.1
review,ep12_sim0.554_798s.wav,268.2
review,ep12_sim0.566_1042s.wav,652.3
review,ep12_sim0.566_132s.wav,217.7
review,ep12_sim0.571_878s.wav,286.9
review,ep12_sim0.573_403s.wav,272.6
review,ep12_sim0.574_982s.wav,517.9
review,ep12_sim0.578_1224s.wav,277.3
review,ep12_sim0.585_1087s.wav,222.2
review,ep12_sim0.594_136s.wav,397.1
review,ep12_sim0.610_1082s.wav,165.3
review,ep12_sim0.622_1122s.wav,337.1
review,ep12_sim0.632_828s.wav,408.6
review,ep12_sim0.640_803s.wav,168.7
review,ep12_sim0.644_1255s.wav,501.2
review,ep13_sim0.550_612s.wav,512.2
review,ep13_sim0.559_1155s.wav,333.1
review,ep13_sim0.566_1310s.wav,307.1
review,ep13_sim0.573_1305s.wav,292.4
review,ep13_sim0.598_595s.wav,378.7
review,ep13_sim0.606_968s.wav,360.3
review,ep13_sim0.612_675s.wav,343.6
review,ep13_sim0.650_1072s.wav,128.1
review,ep14_sim0.554_175s.wav,473.1
review,ep14_sim0.557_681s.wav,199.6
review,ep14_sim0.565_734s.wav,422.4
review,ep14_sim0.572_825s.wav,267.2
review,ep14_sim0.595_1137s.wav,333.0
review,ep14_sim0.596_833s.wav,259.7
review,ep14_sim0.598_120s.wav,95.6
review,ep14_sim0.602_178s.wav,313.8
review,ep14_sim0.614_835s.wav,57.3
review,ep14_sim0.631_434s.wav,174.9
review,ep15_sim0.573_657s.wav,431.8
review,ep15_sim0.582_323s.wav,110.1
review,ep15_sim0.598_174s.wav,426.9
review,ep15_sim0.613_125s.wav,427.5
review,ep15_sim0.614_246s.wav,682.9
review,ep15_sim0.622_903s.wav,193.4
review,ep15_sim0.629_211s.wav,341.2
review,ep16_5_sim0.552_1010s.wav,624.8
review,ep16_5_sim0.557_1156s.wav,272.1
review,ep16_5_sim0.557_784s.wav,290.3
review,ep16_5_sim0.564_646s.wav,380.1
review,ep16_5_sim0.581_1261s.wav,279.2
review,ep16_5_sim0.583_681s.wav,248.5
review,ep16_5_sim0.586_845s.wav,484.7
review,ep16_5_sim0.603_1085s.wav,236.5
review,ep16_5_sim0.608_666s.wav,311.2
review,ep16_5_sim0.623_370s.wav,373.1
review,ep16_5_sim0.629_363s.wav,329.3
review,ep16_5_sim0.650_822s.wav,350.4
review,ep16_sim0.561_1173s.wav,439.1
review,ep16_sim0.574_818s.wav,612.5
review,ep16_sim0.577_1222s.wav,451.7
review,ep16_sim0.581_613s.wav,
review,ep16_sim0.590_1147s.wav,130.1
review,ep16_sim0.591_578s.wav,638.9
review,ep16_sim0.592_890s.wav,376.7
review,ep16_sim0.598_909s.wav,350.8
review,ep16_sim0.600_146s.wav,468.0
review,ep16_sim0.606_1073s.wav,662.5
review,ep16_sim0.610_1003s.wav,140.6
review,ep16_sim0.613_557s.wav,660.4
review,ep16_sim0.621_654s.wav,165.8
review,ep16_sim0.622_337s.wav,91.4
review,ep16_sim0.627_210s.wav,413.9
review,ep16_sim0.628_448s.wav,388.9
review,ep16_sim0.630_835s.wav,431.0
review,ep16_sim0.636_786s.wav,276.1
review,ep16_sim0.642_114s.wav,494.9
review,ep16_sim0.642_790s.wav,403.0
review,ep16_sim0.643_468s.wav,253.3
review,ep17_sim0.551_319s.wav,358.1
review,ep17_sim0.556_1133s.wav,562.4
review,ep17_sim0.556_180s.wav,330.3
review,ep17_sim0.566_1049s.wav,400.9
review,ep17_sim0.574_856s.wav,364.3
review,ep17_sim0.578_793s.wav,349.2
review,ep17_sim0.579_1073s.wav,512.7
review,ep17_sim0.588_600s.wav,467.2
review,ep17_sim0.591_466s.wav,606.2
review,ep17_sim0.600_1021s.wav,354.7
review,ep17_sim0.601_1309s.wav,623.0
review,ep17_sim0.610_1249s.wav,136.0
review,ep17_sim0.623_222s.wav,487.9
review,ep17_sim0.630_743s.wav,276.5
review,ep17_sim0.631_1256s.wav,207.1
review,ep17_sim0.636_880s.wav,243.5
review,ep17_sim0.637_1066s.wav,172.4
review,ep18_sim0.574_442s.wav,583.2
review,ep18_sim0.577_1070s.wav,279.0
review,ep18_sim0.586_1317s.wav,278.2
review,ep18_sim0.592_438s.wav,583.3
review,ep18_sim0.599_268s.wav,100.6
review,ep18_sim0.602_636s.wav,
review,ep18_sim0.605_580s.wav,357.7
review,ep18_sim0.610_655s.wav,183.9
review,ep18_sim0.612_781s.wav,
review,ep18_sim0.626_1069s.wav,327.8
review,ep18_sim0.631_1291s.wav,226.7
review,ep18_sim0.638_704s.wav,399.0
review,ep18_sim0.642_424s.wav,572.3
review,ep18_sim0.650_275s.wav,
review,ep19_sim0.583_1257s.wav,272.9
review,ep19_sim0.604_226s.wav,187.1
review,ep19_sim0.609_659s.wav,49.9
review,ep19_sim0.611_370s.wav,154.9
review,ep19_sim0.619_657s.wav,49.7
review,ep19_sim0.625_148s.wav,605.4
review,ep19_sim0.628_1013s.wav,135.7
review,ep19_sim0.629_1131s.wav,122.5
review,ep20_sim0.551_950s.wav,382.9
review,ep20_sim0.552_992s.wav,509.5
review,ep20_sim0.557_977s.wav,388.4
review,ep20_sim0.561_1038s.wav,397.9
review,ep20_sim0.565_320s.wav,339.7
review,ep20_sim0.567_1176s.wav,444.1
review,ep20_sim0.590_822s.wav,
review,ep20_sim0.596_1169s.wav,129.0
review,ep20_sim0.600_1004s.wav,147.7
review,ep20_sim0.613_138s.wav,263.5
review,ep20_sim0.621_1191s.wav,440.2
review,ep20_sim0.622_1161s.wav,
review,ep20_sim0.622_1250s.wav,292.9
review,ep20_sim0.622_654s.wav,222.6
review,ep20_sim0.622_943s.wav,
review,ep20_sim0.640_1045s.wav,134.8
review,ep21_sim0.555_1220s.wav,
review,ep21_sim0.559_627s.wav,393.4
review,ep21_sim0.561_162s.wav,120.9
review,ep21_sim0.568_255s.wav,185.2
review,ep21_sim0.574_1184s.wav,
review,ep21_sim0.581_873s.wav,
review,ep21_sim0.584_570s.wav,221.7
review,ep21_sim0.586_879s.wav,
review,ep21_sim0.591_228s.wav,166.8
review,ep21_sim0.596_1065s.wav,302.3
review,ep21_sim0.600_528s.wav,538.3
review,ep21_sim0.609_488s.wav,408.5
review,ep21_sim0.611_1130s.wav,156.1
review,ep21_sim0.616_699s.wav,391.6
review,ep21_sim0.624_521s.wav,158.5
review,ep21_sim0.635_994s.wav,372.2
review,ep22_sim0.553_655s.wav,110.0
review,ep22_sim0.555_481s.wav,
review,ep22_sim0.564_898s.wav,661.0
review,ep22_sim0.565_1006s.wav,667.6
review,ep22_sim0.566_527s.wav,98.6
review,ep22_sim0.569_886s.wav,
review,ep22_sim0.578_1289s.wav,
review,ep22_sim0.599_588s.wav,292.6
review,ep22_sim0.606_491s.wav,624.2
review,ep22_sim0.612_826s.wav,652.5
review,ep22_sim0.613_1296s.wav,
review,ep22_sim0.618_476s.wav,161.9
review,ep22_sim0.629_1219s.wav,330.7
review,ep22_sim0.629_576s.wav,330.7
review,ep22_sim0.634_301s.wav,224.2
review,ep22_sim0.638_719s.wav,561.5
review,ep22_sim0.649_585s.wav,654.1
review,ep23_sim0.550_183s.wav,546.3
review,ep23_sim0.562_161s.wav,570.6
review,ep23_sim0.581_486s.wav,237.0
review,ep23_sim0.601_1311s.wav,339.8
review,ep23_sim0.617_485s.wav,172.9
review,ep23_sim0.630_1318s.wav,370.0
review,ep23_sim0.642_186s.wav,523.2
review,ep23_sim0.642_245s.wav,247.5
review,ep23_sim0.647_185s.wav,402.8
review,ep23_sim0.648_366s.wav,228.1
review,ep24_5_sim0.559_549s.wav,462.7
review,ep24_5_sim0.562_1203s.wav,294.1
review,ep24_5_sim0.564_773s.wav,100.0
review,ep24_5_sim0.566_517s.wav,397.6
review,ep24_5_sim0.580_862s.wav,128.9
review,ep24_5_sim0.582_120s.wav,276.2
review,ep24_5_sim0.593_976s.wav,238.9
review,ep24_5_sim0.594_879s.wav,693.0
review,ep24_5_sim0.598_303s.wav,206.8
review,ep24_5_sim0.598_959s.wav,301.1
review,ep24_5_sim0.618_954s.wav,484.8
review,ep24_5_sim0.622_777s.wav,658.7
review,ep24_5_sim0.623_1042s.wav,331.4
review,ep24_5_sim0.623_840s.wav,95.7
review,ep24_5_sim0.633_356s.wav,316.4
review,ep24_5_sim0.642_438s.wav,265.4
review,ep24_sim0.551_649s.wav,162.0
review,ep24_sim0.552_225s.wav,372.3
review,ep24_sim0.554_506s.wav,239.8
review,ep24_sim0.567_434s.wav,111.4
review,ep24_sim0.567_613s.wav,262.3
review,ep24_sim0.570_166s.wav,129.5
review,ep24_sim0.573_905s.wav,294.6
review,ep24_sim0.575_1228s.wav,387.6
review,ep24_sim0.580_99s.wav,298.8
review,ep24_sim0.601_184s.wav,282.6
review,ep24_sim0.604_1255s.wav,288.3
review,ep24_sim0.624_147s.wav,189.4
review,ep24_sim0.624_631s.wav,276.5
review,ep24_sim0.627_116s.wav,108.9
review,ep24_sim0.629_1244s.wav,392.6
review,ep24_sim0.629_428s.wav,308.0
review,ep24_sim0.632_566s.wav,234.2
review,ep24_sim0.640_148s.wav,423.3
wavs,000001.wav,419.4
wavs,000002.wav,545.8
wavs,000003.wav,371.9
wavs,000004.wav,230.3
wavs,000005.wav,161.0
wavs,000006.wav,387.1
wavs,000007.wav,208.2
wavs,000008.wav,
wavs,000009.wav,473.0
wavs,000010.wav,404.2
wavs,000011.wav,403.3
wavs,000012.wav,304.2
wavs,000013.wav,326.4
wavs,000014.wav,454.9
wavs,000015.wav,155.8
wavs,000016.wav,549.6
wavs,000017.wav,421.4
wavs,000018.wav,454.0
wavs,000019.wav,454.1
wavs,000020.wav,50.1
wavs,000021.wav,631.4
wavs,000022.wav,361.4
wavs,000023.wav,442.5
wavs,000024.wav,504.1
wavs,000025.wav,331.0
wavs,000026.wav,514.7
wavs,000027.wav,211.5
wavs,000028.wav,393.1
wavs,000029.wav,240.7
wavs,000030.wav,649.8
wavs,000031.wav,241.8
wavs,000032.wav,475.1
wavs,000033.wav,298.6
wavs,000034.wav,466.2
wavs,000035.wav,454.4
wavs,000036.wav,380.5
wavs,000037.wav,421.7
wavs,000038.wav,430.9
wavs,000039.wav,657.2
wavs,000040.wav,475.3
wavs,000041.wav,465.5
wavs,000042.wav,581.7
wavs,000043.wav,185.5
wavs,000044.wav,206.2
wavs,000045.wav,629.2
wavs,000046.wav,549.4
wavs,000047.wav,400.5
wavs,000048.wav,385.1
wavs,000049.wav,396.1
wavs,000050.wav,175.5
wavs,000051.wav,333.1
wavs,000052.wav,553.1
wavs,000053.wav,327.6
wavs,000054.wav,225.5
wavs,000055.wav,180.7
wavs,000056.wav,468.2
wavs,000057.wav,578.8
wavs,000058.wav,418.9
wavs,000059.wav,209.0
wavs,000060.wav,396.8
wavs,000061.wav,529.0
wavs,000062.wav,498.9
wavs,000063.wav,403.1
wavs,000064.wav,270.0
wavs,000065.wav,343.6
wavs,000066.wav,304.2
wavs,000067.wav,448.1
wavs,000068.wav,155.3
wavs,000069.wav,412.3
wavs,000070.wav,188.2
wavs,000071.wav,409.4
wavs,000072.wav,371.7
wavs,000073.wav,407.9
wavs,000074.wav,272.3
wavs,000075.wav,179.6
wavs,000076.wav,441.6
wavs,000077.wav,146.8
wavs,000078.wav,385.6
wavs,000079.wav,429.1
wavs,000080.wav,331.3
wavs,000081.wav,170.2
wavs,000082.wav,314.1
wavs,000083.wav,366.7
wavs,000084.wav,394.3
wavs,000085.wav,135.4
wavs,000086.wav,246.0
wavs,000087.wav,442.5
wavs,000088.wav,435.2
wavs,000089.wav,221.6
wavs,000090.wav,237.9
wavs,000091.wav,247.4
wavs,000092.wav,131.3
wavs,000093.wav,340.4
wavs,000094.wav,379.8
wavs,000095.wav,331.7
wavs,000096.wav,229.3
wavs,000097.wav,429.4
wavs,000098.wav,517.5
wavs,000099.wav,265.4
wavs,000100.wav,258.0
wavs,000101.wav,297.4
wavs,000102.wav,639.9
wavs,000103.wav,262.3
wavs,000104.wav,323.4
wavs,000105.wav,513.6
wavs,000106.wav,309.7
wavs,000107.wav,464.2
wavs,000108.wav,305.8
wavs,000109.wav,528.3
wavs,000110.wav,289.7
wavs,000111.wav,325.0
wavs,000112.wav,424.5
wavs,000113.wav,622.7
wavs,000114.wav,236.4
wavs,000115.wav,222.0
wavs,000116.wav,85.4
wavs,000117.wav,305.1
wavs,000118.wav,273.3
wavs,000119.wav,156.9
wavs,000120.wav,386.2
wavs,000121.wav,483.0
wavs,000122.wav,456.5
wavs,000123.wav,416.4
wavs,000124.wav,139.0
wavs,000125.wav,340.8
wavs,000126.wav,382.3
wavs,000127.wav,144.7
wavs,000128.wav,373.5
wavs,000129.wav,295.0
wavs,000130.wav,303.9
wavs,000131.wav,549.4
wavs,000132.wav,226.3
wavs,000133.wav,211.0
wavs,000134.wav,446.7
wavs,000135.wav,343.3
wavs,000136.wav,275.0
wavs,000137.wav,235.8
wavs,000138.wav,402.0
wavs,000139.wav,233.7
wavs,000140.wav,425.4
wavs,000141.wav,102.0
wavs,000142.wav,279.8
wavs,000143.wav,332.7
wavs,000144.wav,352.4
wavs,000145.wav,365.2
wavs,000146.wav,209.1
wavs,000147.wav,339.4
wavs,000148.wav,395.8
wavs,000149.wav,394.4
wavs,000150.wav,148.8
wavs,000151.wav,321.2
wavs,000152.wav,199.4
wavs,000153.wav,337.7
wavs,000154.wav,640.7
wavs,000155.wav,368.6
wavs,000156.wav,272.9
wavs,000157.wav,331.5
wavs,000158.wav,526.8
wavs,000159.wav,543.9
wavs,000160.wav,389.8
wavs,000161.wav,411.1
wavs,000162.wav,527.8
wavs,000163.wav,166.4
wavs,000164.wav,457.0
wavs,000165.wav,
wavs,000166.wav,154.0
wavs,000167.wav,366.5
wavs,000168.wav,358.0
wavs,000169.wav,238.2
wavs,000170.wav,339.1
wavs,000171.wav,350.8
wavs,000172.wav,393.6
wavs,000173.wav,415.2
wavs,000174.wav,327.7
wavs,000175.wav,256.9
wavs,000176.wav,292.4
wavs,000177.wav,252.0
wavs,000178.wav,271.5
wavs,000179.wav,174.6
wavs,000180.wav,366.5
wavs,000181.wav,438.2
wavs,000182.wav,455.4
wavs,000183.wav,350.2
wavs,000184.wav,273.7
wavs,000185.wav,281.2
wavs,000186.wav,425.7
wavs,000187.wav,376.1
wavs,000188.wav,294.0
wavs,000189.wav,206.1
wavs,000190.wav,326.6
wavs,000191.wav,274.6
wavs,000192.wav,233.6
wavs,000193.wav,355.7
wavs,000194.wav,548.9
wavs,000195.wav,356.7
wavs,000196.wav,273.6
wavs,000197.wav,221.3
wavs,000198.wav,395.4
wavs,000199.wav,506.2
wavs,000200.wav,520.0
wavs,000201.wav,363.0
wavs,000202.wav,355.2
wavs,000203.wav,508.0
wavs,000204.wav,491.0
wavs,000205.wav,258.6
wavs,000206.wav,394.1
wavs,000207.wav,489.5
wavs,000208.wav,412.0
wavs,000209.wav,313.5
wavs,000210.wav,269.1
wavs,000211.wav,284.1
wavs,000212.wav,379.5
wavs,000213.wav,468.4
wavs,000214.wav,252.1
wavs,000215.wav,492.3
wavs,000216.wav,435.3
wavs,000217.wav,488.9
wavs,000218.wav,392.9
wavs,000219.wav,261.0
wavs,000220.wav,490.1
wavs,000221.wav,316.4
wavs,000222.wav,324.3
wavs,000223.wav,203.3
wavs,000224.wav,198.5
wavs,000225.wav,227.7
wavs,000226.wav,247.0
wavs,000227.wav,232.7
wavs,000228.wav,297.2
wavs,000229.wav,441.2
wavs,000230.wav,344.0
wavs,000231.wav,674.8
wavs,000232.wav,393.9
wavs,000233.wav,348.9
wavs,000234.wav,414.3
wavs,000235.wav,399.7
wavs,000236.wav,391.9
wavs,000237.wav,257.7
wavs,000238.wav,156.7
wavs,000239.wav,138.0
wavs,000240.wav,255.6
wavs,000241.wav,129.8
wavs,000242.wav,120.6
wavs,000243.wav,210.2
wavs,000244.wav,380.4
wavs,000245.wav,418.9
wavs,000246.wav,632.4
wavs,000247.wav,410.8
wavs,000248.wav,295.8
wavs,000249.wav,447.1
wavs,000250.wav,436.6
wavs,000251.wav,425.0
wavs,000252.wav,164.7
wavs,000253.wav,386.0
wavs,000254.wav,485.9
wavs,000255.wav,309.9
wavs,000256.wav,352.8
wavs,000257.wav,605.0
wavs,000258.wav,500.9
wavs,000259.wav,289.9
wavs,000260.wav,444.4
wavs,000261.wav,140.1
wavs,000262.wav,446.2
wavs,000263.wav,471.6
wavs,000264.wav,343.8
wavs,000265.wav,436.1
wavs,000266.wav,507.5
wavs,000267.wav,257.1
wavs,000268.wav,256.5
wavs,000269.wav,207.8
wavs,000270.wav,220.8
wavs,000271.wav,333.6
wavs,000272.wav,222.6
wavs,000273.wav,248.3
wavs,000274.wav,279.4
wavs,000275.wav,221.5
wavs,000276.wav,352.2
wavs,000277.wav,356.8
wavs,000278.wav,225.4
wavs,000279.wav,295.9
wavs,000280.wav,393.0
wavs,000281.wav,371.7
wavs,000282.wav,478.6
wavs,000283.wav,479.9
wavs,000284.wav,290.7
wavs,000285.wav,
wavs,000286.wav,309.4
wavs,000287.wav,652.6
wavs,000288.wav,
wavs,000289.wav,356.1
wavs,000290.wav,292.2
wavs,000291.wav,372.3
wavs,000292.wav,166.7
wavs,000293.wav,409.0
wavs,000294.wav,234.2
wavs,000295.wav,201.8
wavs,000296.wav,550.9
wavs,000297.wav,281.2
wavs,000298.wav,419.1
wavs,000299.wav,169.9
wavs,000300.wav,569.5
wavs,000301.wav,434.1
wavs,000302.wav,442.1
wavs,000303.wav,288.7
wavs,000304.wav,427.7
wavs,000305.wav,107.1
wavs,000306.wav,186.7
wavs,000307.wav,564.7
wavs,000308.wav,150.7
wavs,000309.wav,155.8
wavs,000310.wav,377.6
wavs,000311.wav,364.6
wavs,000312.wav,385.5
wavs,000313.wav,369.3
wavs,000314.wav,92.9
wavs,000315.wav,336.1
wavs,000316.wav,389.0
wavs,000317.wav,403.5
wavs,000318.wav,347.7
wavs,000319.wav,277.9
wavs,000320.wav,340.0
wavs,000321.wav,
wavs,000322.wav,
wavs,000323.wav,262.9
wavs,000324.wav,435.9
wavs,000325.wav,322.2
wavs,000326.wav,539.3
wavs,000327.wav,427.6
wavs,000328.wav,112.2
wavs,000329.wav,258.4
wavs,000330.wav,191.3
wavs,000331.wav,228.1
wavs,000332.wav,253.4
wavs,000333.wav,358.1
wavs,000334.wav,289.2
wavs,000335.wav,240.6
wavs,000336.wav,406.4
wavs,000337.wav,
wavs,000338.wav,248.2
wavs,000339.wav,370.9
wavs,000340.wav,214.4
wavs,000341.wav,427.0
wavs,000342.wav,286.6
wavs,000343.wav,345.7
wavs,000344.wav,415.5
wavs,000345.wav,523.2
wavs,000346.wav,590.5
wavs,000347.wav,461.0
wavs,000348.wav,61.9
wavs,000349.wav,126.5
wavs,000350.wav,304.4
wavs,000351.wav,354.8
wavs,000352.wav,208.0
wavs,000353.wav,235.6
wavs,000354.wav,490.7
wavs,000355.wav,256.2
wavs,000356.wav,389.5
wavs,000357.wav,418.8
wavs,000358.wav,257.6
wavs,000359.wav,239.2
wavs,000360.wav,274.0
wavs,000361.wav,546.3
wavs,000362.wav,583.5
wavs,000363.wav,223.9
wavs,000364.wav,257.5
wavs,000365.wav,516.3
wavs,000366.wav,526.3
wavs,000367.wav,347.3
wavs,000368.wav,292.8
wavs,000369.wav,364.3
wavs,000370.wav,
wavs,000371.wav,417.4
wavs,000372.wav,315.4
wavs,000373.wav,558.5
wavs,000374.wav,238.5
wavs,000375.wav,648.3
wavs,000376.wav,598.3
wavs,000377.wav,541.5
wavs,000378.wav,134.6
wavs,000379.wav,243.9
wavs,000380.wav,144.1
wavs,000381.wav,116.2
wavs,000382.wav,371.1
wavs,000383.wav,381.7
wavs,000384.wav,401.4
wavs,000385.wav,536.7
wavs,000386.wav,270.0
wavs,000387.wav,262.6
wavs,000388.wav,653.9
wavs,000389.wav,463.9
wavs,000390.wav,379.7
wavs,000391.wav,
wavs,000392.wav,430.1
wavs,000393.wav,199.2
wavs,000394.wav,556.1
wavs,000395.wav,358.9
wavs,000396.wav,504.5
wavs,000397.wav,487.9
wavs,000398.wav,490.9
wavs,000399.wav,125.7
wavs,000400.wav,293.8
wavs,000401.wav,442.0
wavs,000402.wav,408.7
wavs,000403.wav,271.0
wavs,000404.wav,238.8
wavs,000405.wav,294.6
wavs,000406.wav,233.3
wavs,000407.wav,268.2
wavs,000408.wav,239.6
wavs,000409.wav,272.9
wavs,000410.wav,95.2
wavs,000411.wav,460.5
wavs,000412.wav,317.5
wavs,000413.wav,98.3
wavs,000414.wav,109.1
wavs,000415.wav,435.1
wavs,000416.wav,377.3
wavs,000417.wav,365.4
wavs,000418.wav,261.5
wavs,000419.wav,394.9
wavs,000420.wav,546.1
wavs,000421.wav,396.2
wavs,000422.wav,206.5
wavs,000423.wav,384.7
wavs,000424.wav,222.7
wavs,000425.wav,321.8
wavs,000426.wav,234.7
wavs,000427.wav,259.0
wavs,000428.wav,296.6
wavs,000429.wav,222.2
wavs,000430.wav,297.9
wavs,000431.wav,245.6
wavs,000432.wav,254.9
wavs,000433.wav,301.8
wavs,000434.wav,
wavs,000435.wav,322.1
wavs,000436.wav,289.3
wavs,000437.wav,399.0
wavs,000438.wav,286.2
wavs,000439.wav,313.9
wavs,000440.wav,243.3
wavs,000441.wav,164.2
wavs,000442.wav,119.6
wavs,000443.wav,256.0
wavs,000444.wav,328.0
wavs,000445.wav,438.0
wavs,000446.wav,580.6
wavs,000447.wav,291.2
wavs,000448.wav,371.2
wavs,000449.wav,363.4
wavs,000450.wav,427.0
wavs,000451.wav,360.3
wavs,000452.wav,338.9
wavs,000453.wav,441.3
wavs,000454.wav,421.2
wavs,000455.wav,683.3
wavs,000456.wav,289.2
wavs,000457.wav,464.0
wavs,000458.wav,380.7
wavs,000459.wav,526.3
wavs,000460.wav,273.4
wavs,000461.wav,273.9
wavs,000462.wav,367.1
wavs,000463.wav,551.2
wavs,000464.wav,399.3
wavs,000465.wav,690.7
wavs,000466.wav,
wavs,000467.wav,397.2
wavs,000468.wav,284.4
wavs,000469.wav,247.2
wavs,000470.wav,124.7
wavs,000471.wav,270.7
